cluster_id,n_nodes,n_seed,sum_kzt_internal,top_gids,hypothesis
0,278,1,31237334.24,"[""100000006866783100"", ""100000008477350100"", ""100000000437046100"", ""100000002957787100"", ""100000004400305100""]","Гипотеза: сбор и распределение средств внутри сообщества; consolidator=21, coordinator=11, distributor=10, peripheral=118, terminal=108, transit=10; граница глубины=4 у 63; роли описывают наблюдаемые потоки"
1,106,4,16242879.02,"[""100000005782781100"", ""100000001616816100"", ""100000004015047100"", ""100000005514161100"", ""100000006788200100""]","Гипотеза: сбор и распределение средств внутри сообщества; consolidator=7, coordinator=1, distributor=7, peripheral=28, terminal=60, transit=3; граница глубины=4 у 2; роли описывают наблюдаемые потоки"
2,138,3,18838290.0,"[""100000003684369100"", ""100000008748914100"", ""100000008165763100"", ""100000008304139100"", ""100000004847758100""]","Гипотеза: сбор и распределение средств внутри сообщества; consolidator=2, coordinator=4, distributor=8, peripheral=31, terminal=90, transit=3; граница глубины=4 у 6; роли описывают наблюдаемые потоки"
3,41,1,4209955.28,"[""100000004156082100"", ""100000005339662100"", ""100000000076451100"", ""100000008625905100"", ""100000004527381100""]","Гипотеза: сообщество с промежуточными переводами; coordinator=1, distributor=2, peripheral=13, terminal=23, transit=2; граница глубины=4 у 3; роли описывают наблюдаемые потоки"
4,104,1,21747439.59,"[""100000008489922100"", ""100000008547948100"", ""100000008710791100"", ""100000008517538100"", ""100000008752616100""]","Гипотеза: сбор и распределение средств внутри сообщества; consolidator=12, coordinator=2, distributor=6, peripheral=45, terminal=38, transit=1; граница глубины=4 у 36; роли описывают наблюдаемые потоки"
5,4,0,460000.0,"[""100000006069103100"", ""100000000201868100"", ""100000003192220100"", ""100000006787636100""]","Гипотеза: сообщество с промежуточными переводами; peripheral=1, terminal=2, transit=1; граница глубины=4 у 0; роли описывают наблюдаемые потоки"
6,5,0,1189154.0,"[""100000000291906100"", ""100000004670388100"", ""100000000291908100"", ""100000004722630100"", ""100000004691350100""]",Гипотеза: смешанная структура переводов; единое назначение не установлено; peripheral=5; граница глубины=4 у 2; роли описывают наблюдаемые потоки
7,53,1,2993313.0,"[""100000001899164100"", ""100000003265158100"", ""100000004420041100"", ""100000008443341100"", ""100000004386258100""]","Гипотеза: сбор и распределение средств внутри сообщества; consolidator=3, distributor=2, peripheral=25, terminal=23; граница глубины=4 у 8; роли описывают наблюдаемые потоки"
8,133,0,17433528.0,"[""100000008603629100"", ""100000001857829100"", ""100000000661912100"", ""100000007908818100"", ""100000003880331100""]","Гипотеза: сбор и распределение средств внутри сообщества; consolidator=2, coordinator=3, distributor=6, peripheral=83, terminal=38, transit=1; граница глубины=4 у 49; роли описывают наблюдаемые потоки"
9,6,1,1615030.0,"[""100000008659445100"", ""100000008193577100"", ""100000008736940100"", ""100000008751429100"", ""100000005456919100""]","Гипотеза: сбор и распределение средств внутри сообщества; consolidator=1, distributor=1, peripheral=3, terminal=1; граница глубины=4 у 0; роли описывают наблюдаемые потоки"
10,126,0,24907250.33,"[""100000000331309100"", ""100000003796063100"", ""100000000332284100"", ""100000006734214100"", ""100000005665181100""]","Гипотеза: сбор и распределение средств внутри сообщества; consolidator=6, coordinator=1, distributor=5, peripheral=57, terminal=57; граница глубины=4 у 35; роли описывают наблюдаемые потоки"
11,53,1,5947339.0,"[""100000000343175100"", ""100000003115284100"", ""100000003635170100"", ""100000008730846100"", ""100000003390036100""]","Гипотеза: сообщество с промежуточными переводами; consolidator=1, coordinator=1, peripheral=25, terminal=24, transit=2; граница глубины=4 у 7; роли описывают наблюдаемые потоки"
12,52,5,4171441.0,"[""100000008346837100"", ""100000005074393100"", ""100000008733194100"", ""100000006424479100"", ""100000001236706100""]","Гипотеза: сбор и распределение средств внутри сообщества; consolidator=3, coordinator=1, distributor=2, peripheral=30, terminal=15, transit=1; граница глубины=4 у 13; роли описывают наблюдаемые потоки"
13,15,0,850450.0,"[""100000001526235100"", ""100000002472632100"", ""100000001788284100"", ""100000005505655100"", ""100000000860514100""]","Гипотеза: смешанная структура переводов; единое назначение не установлено; distributor=2, peripheral=11, terminal=2; граница глубины=4 у 6; роли описывают наблюдаемые потоки"
14,15,0,3626010.0,"[""100000008461532100"", ""100000000791285100"", ""100000006704530100"", ""100000003470579100"", ""100000003122817100""]","Гипотеза: сообщество с промежуточными переводами; distributor=1, peripheral=8, terminal=5, transit=1; граница глубины=4 у 6; роли описывают наблюдаемые потоки"
15,14,0,1605604.0,"[""100000007382543100"", ""100000003001661100"", ""100000008213966100"", ""100000000838385100"", ""100000008655779100""]","Гипотеза: смешанная структура переводов; единое назначение не установлено; distributor=1, peripheral=11, terminal=2; граница глубины=4 у 6; роли описывают наблюдаемые потоки"
16,127,7,18414962.28,"[""100000003016635100"", ""100000006579678100"", ""100000001530983100"", ""100000006518161100"", ""100000004330371100""]","Гипотеза: сбор и распределение средств внутри сообщества; consolidator=6, coordinator=4, distributor=6, peripheral=42, terminal=66, transit=3; граница глубины=4 у 6; роли описывают наблюдаемые потоки"
17,1,1,0.0,"[""100000000456947100""]","Гипотеза не определена: изолированный клиент, наблюдаемых операций=0"
18,106,0,6254194.67,"[""100000005704413100"", ""100000006707582100"", ""100000005578559100"", ""100000005473151100"", ""100000008545727100""]","Гипотеза: сбор и распределение средств внутри сообщества; consolidator=1, coordinator=4, distributor=5, peripheral=64, terminal=32; граница глубины=4 у 56; роли описывают наблюдаемые потоки"
19,7,0,143000.0,"[""100000004508696100"", ""100000005911352100"", ""100000002217806100"", ""100000000507799100"", ""100000004549591100""]","Гипотеза: смешанная структура переводов; единое назначение не установлено; distributor=1, peripheral=4, terminal=2; граница глубины=4 у 2; роли описывают наблюдаемые потоки"
20,8,0,2473417.91,"[""100000004906181100"", ""100000008175078100"", ""100000008675322100"", ""100000000557536100"", ""100000008349740100""]","Гипотеза: смешанная структура переводов; единое назначение не установлено; distributor=1, peripheral=7; граница глубины=4 у 7; роли описывают наблюдаемые потоки"
21,17,1,21586840.0,"[""100000002224132100"", ""100000001965374100"", ""100000004603109100"", ""100000005664922100"", ""100000003835149100""]","Гипотеза: смешанная структура переводов; единое назначение не установлено; peripheral=12, terminal=5; граница глубины=4 у 0; роли описывают наблюдаемые потоки"
22,270,1,10178044.0,"[""100000002527114100"", ""100000002578405100"", ""100000001697501100"", ""100000002733905100"", ""100000001166289100""]","Гипотеза: сообщество с промежуточными переводами; distributor=3, peripheral=16, terminal=250, transit=1; граница глубины=4 у 4; роли описывают наблюдаемые потоки"
23,6,1,1527967.0,"[""100000000580561100"", ""100000007939160100"", ""100000005183943100"", ""100000003888271100"", ""100000007930878100""]","Гипотеза: преимущественно получение средств в наблюдаемой выборке; peripheral=3, terminal=3; граница глубины=4 у 0; роли описывают наблюдаемые потоки"
24,51,0,13990812.0,"[""100000008512827100"", ""100000005242320100"", ""100000001287955100"", ""100000008742053100"", ""100000001282143100""]","Гипотеза: сбор и распределение средств внутри сообщества; consolidator=4, distributor=5, peripheral=15, terminal=27; граница глубины=4 у 11; роли описывают наблюдаемые потоки"
25,2,0,761255.0,"[""100000000583220100"", ""100000004586598100""]",Гипотеза: смешанная структура переводов; единое назначение не установлено; peripheral=2; граница глубины=4 у 1; роли описывают наблюдаемые потоки
26,8,0,389000.0,"[""100000005507142100"", ""100000002612809100"", ""100000001825934100"", ""100000005264874100"", ""100000000600707100""]","Гипотеза: смешанная структура переводов; единое назначение не установлено; distributor=1, peripheral=7; граница глубины=4 у 4; роли описывают наблюдаемые потоки"
27,13,1,1392916.0,"[""100000006232815100"", ""100000001380054100"", ""100000001782980100"", ""100000003164661100"", ""100000005077484100""]","Гипотеза: смешанная структура переводов; единое назначение не установлено; distributor=1, peripheral=6, terminal=6; граница глубины=4 у 0; роли описывают наблюдаемые потоки"
28,41,0,5151924.19,"[""100000003242289100"", ""100000008512552100"", ""100000008413748100"", ""100000003178549100"", ""100000006225798100""]","Гипотеза: сообщество со связями между группами клиентов; consolidator=1, coordinator=2, peripheral=20, terminal=18; граница глубины=4 у 9; роли описывают наблюдаемые потоки"
29,18,0,3422800.0,"[""100000003701161100"", ""100000002267998100"", ""100000008137435100"", ""100000003718221100"", ""100000001063678100""]","Гипотеза: сбор и распределение средств внутри сообщества; consolidator=1, distributor=2, peripheral=6, terminal=9; граница глубины=4 у 2; роли описывают наблюдаемые потоки"
30,7,0,3077000.0,"[""100000002241986100"", ""100000001053894100"", ""100000002594214100"", ""100000004047887100"", ""100000001286703100""]","Гипотеза: смешанная структура переводов; единое назначение не установлено; distributor=1, peripheral=6; граница глубины=4 у 6; роли описывают наблюдаемые потоки"
31,4,0,518000.0,"[""100000002205022100"", ""100000003163886100"", ""100000000629812100"", ""100000001380107100""]","Гипотеза: преимущественно получение средств в наблюдаемой выборке; peripheral=1, terminal=3; граница глубины=4 у 0; роли описывают наблюдаемые потоки"
32,20,0,617900.0,"[""100000003154105100"", ""100000001427082100"", ""100000000723383100"", ""100000002185328100"", ""100000002448088100""]","Гипотеза: смешанная структура переводов; единое назначение не установлено; distributor=3, peripheral=17; граница глубины=4 у 15; роли описывают наблюдаемые потоки"
33,13,0,6748650.0,"[""100000007442518100"", ""100000008258083100"", ""100000000673868100"", ""100000002911170100"", ""100000000821507100""]","Гипотеза: преимущественно получение средств в наблюдаемой выборке; peripheral=5, terminal=8; граница глубины=4 у 2; роли описывают наблюдаемые потоки"
34,17,1,2977887.0,"[""100000002731501100"", ""100000004160650100"", ""100000004007116100"", ""100000003616818100"", ""100000001330595100""]","Гипотеза: сбор и распределение средств внутри сообщества; consolidator=2, distributor=1, peripheral=7, terminal=6, transit=1; граница глубины=4 у 1; роли описывают наблюдаемые потоки"
35,30,0,8045494.0,"[""100000008743913100"", ""100000005527892100"", ""100000008710843100"", ""100000001887715100"", ""100000008758168100""]","Гипотеза: сбор и распределение средств внутри сообщества; consolidator=2, coordinator=2, distributor=2, peripheral=10, terminal=14; граница глубины=4 у 3; роли описывают наблюдаемые потоки"
36,11,0,3784703.0,"[""100000002175422100"", ""100000003004487100"", ""100000001317336100"", ""100000003557488100"", ""100000002975437100""]","Гипотеза: смешанная структура переводов; единое назначение не установлено; distributor=1, peripheral=7, terminal=3; граница глубины=4 у 3; роли описывают наблюдаемые потоки"
37,3,1,450000.0,"[""100000002371751100"", ""100000000769919100"", ""100000007018630100""]","Гипотеза: сообщество с промежуточными переводами; peripheral=1, terminal=1, transit=1; граница глубины=4 у 0; роли описывают наблюдаемые потоки"
38,9,0,1406982.0,"[""100000002217161100"", ""100000001445848100"", ""100000007647294100"", ""100000008254576100"", ""100000002242066100""]","Гипотеза: преимущественно получение средств в наблюдаемой выборке; distributor=1, peripheral=3, terminal=5; граница глубины=4 у 1; роли описывают наблюдаемые потоки"
39,4,1,1404980.0,"[""100000001872484100"", ""100000008601794100"", ""100000000785800100"", ""100000002459163100""]","Гипотеза: смешанная структура переводов; единое назначение не установлено; peripheral=3, terminal=1; граница глубины=4 у 0; роли описывают наблюдаемые потоки"
40,44,0,10215968.84,"[""100000005933757100"", ""100000002963189100"", ""100000001937767100"", ""100000004159526100"", ""100000001073568100""]","Гипотеза: сбор и распределение средств внутри сообщества; consolidator=2, coordinator=1, distributor=2, peripheral=13, terminal=25, transit=1; граница глубины=4 у 7; роли описывают наблюдаемые потоки"
41,10,0,322010.0,"[""100000008172352100"", ""100000007322059100"", ""100000004552204100"", ""100000001597505100"", ""100000000993112100""]","Гипотеза: преимущественно получение средств в наблюдаемой выборке; distributor=1, peripheral=4, terminal=5; граница глубины=4 у 1; роли описывают наблюдаемые потоки"
42,56,3,13397542.0,"[""100000008547844100"", ""100000008637537100"", ""100000008466579100"", ""100000008603331100"", ""100000001732159100""]","Гипотеза: сбор и распределение средств внутри сообщества; consolidator=4, coordinator=2, distributor=3, peripheral=24, terminal=20, transit=3; граница глубины=4 у 13; роли описывают наблюдаемые потоки"
43,30,1,6513430.0,"[""100000003854444100"", ""100000006274203100"", ""100000007594394100"", ""100000008546855100"", ""100000003873332100""]","Гипотеза: сбор и распределение средств внутри сообщества; consolidator=1, coordinator=1, distributor=2, peripheral=13, terminal=13; граница глубины=4 у 5; роли описывают наблюдаемые потоки"
44,4,0,1595700.0,"[""100000001052945100"", ""100000001131403100"", ""100000004616845100"", ""100000005146665100""]",Гипотеза: смешанная структура переводов; единое назначение не установлено; peripheral=4; граница глубины=4 у 3; роли описывают наблюдаемые потоки
45,5,0,172000.0,"[""100000005031696100"", ""100000004659919100"", ""100000001223977100"", ""100000002700161100"", ""100000008461217100""]",Гипотеза: смешанная структура переводов; единое назначение не установлено; peripheral=5; граница глубины=4 у 2; роли описывают наблюдаемые потоки
46,15,0,3436955.0,"[""100000002152857100"", ""100000004221668100"", ""100000005171642100"", ""100000006240939100"", ""100000002459093100""]","Гипотеза: сбор и распределение средств внутри сообщества; consolidator=1, distributor=2, peripheral=9, terminal=3; граница глубины=4 у 3; роли описывают наблюдаемые потоки"
47,26,14,2289450.0,"[""100000004403675100"", ""100000005382566100"", ""100000004041163100"", ""100000008254069100"", ""100000003823811100""]","Гипотеза: сбор и распределение средств внутри сообщества; consolidator=3, coordinator=1, distributor=2, peripheral=13, terminal=5, transit=2; граница глубины=4 у 2; роли описывают наблюдаемые потоки"
48,5,0,338950.0,"[""100000004715209100"", ""100000008190411100"", ""100000003133045100"", ""100000004747154100"", ""100000001498732100""]","Гипотеза: смешанная структура переводов; единое назначение не установлено; distributor=1, peripheral=4; граница глубины=4 у 4; роли описывают наблюдаемые потоки"
49,6,0,2540000.0,"[""100000004717647100"", ""100000004479404100"", ""100000002922000100"", ""100000002659103100"", ""100000001533161100""]","Гипотеза: смешанная структура переводов; единое назначение не установлено; distributor=1, peripheral=5; граница глубины=4 у 4; роли описывают наблюдаемые потоки"
50,4,1,79050.0,"[""100000003148220100"", ""100000006888238100"", ""100000004971871100"", ""100000001852140100""]","Гипотеза: смешанная структура переводов; единое назначение не установлено; peripheral=3, terminal=1; граница глубины=4 у 0; роли описывают наблюдаемые потоки"
51,5,0,1138730.0,"[""100000003321895100"", ""100000008430691100"", ""100000003692843100"", ""100000007330432100"", ""100000002371892100""]",Гипотеза: смешанная структура переводов; единое назначение не установлено; peripheral=5; граница глубины=4 у 3; роли описывают наблюдаемые потоки
52,6,1,275885.0,"[""100000005485830100"", ""100000005895525100"", ""100000002462183100"", ""100000005056870100"", ""100000007175718100""]","Гипотеза: преимущественно получение средств в наблюдаемой выборке; distributor=1, terminal=5; граница глубины=4 у 0; роли описывают наблюдаемые потоки"
53,4,0,332709.0,"[""100000002513028100"", ""100000004610802100"", ""100000002516862100"", ""100000004780083100""]","Гипотеза: смешанная структура переводов; единое назначение не установлено; distributor=1, peripheral=3; граница глубины=4 у 3; роли описывают наблюдаемые потоки"
54,6,0,2534500.0,"[""100000004722765100"", ""100000003747133100"", ""100000005075949100"", ""100000006527156100"", ""100000002578653100""]","Гипотеза: сообщество с промежуточными переводами; peripheral=4, terminal=1, transit=1; граница глубины=4 у 3; роли описывают наблюдаемые потоки"
55,5,1,2809200.0,"[""100000004135268100"", ""100000008571433100"", ""100000004979498100"", ""100000002738256100"", ""100000007507343100""]","Гипотеза: сообщество с промежуточными переводами; peripheral=3, terminal=1, transit=1; граница глубины=4 у 0; роли описывают наблюдаемые потоки"
56,3,1,390167.62,"[""100000002781227100"", ""100000002796853100"", ""100000008522127100""]",Гипотеза: смешанная структура переводов; единое назначение не установлено; peripheral=3; граница глубины=4 у 0; роли описывают наблюдаемые потоки
57,6,0,720900.0,"[""100000008761219100"", ""100000007472293100"", ""100000006638021100"", ""100000008333492100"", ""100000002794374100""]","Гипотеза: смешанная структура переводов; единое назначение не установлено; distributor=1, peripheral=5; граница глубины=4 у 4; роли описывают наблюдаемые потоки"
58,2,1,30000.0,"[""100000003980083100"", ""100000003200071100""]","Гипотеза: преимущественно получение средств в наблюдаемой выборке; peripheral=1, terminal=1; граница глубины=4 у 0; роли описывают наблюдаемые потоки"
59,10,0,1727065.0,"[""100000004076740100"", ""100000004017410100"", ""100000005519998100"", ""100000004336312100"", ""100000005767403100""]","Гипотеза: сообщество с промежуточными переводами; peripheral=5, terminal=2, transit=3; граница глубины=4 у 2; роли описывают наблюдаемые потоки"
60,1,1,0.0,"[""100000003265658100""]","Гипотеза не определена: изолированный клиент, наблюдаемых операций=0"
61,1,1,0.0,"[""100000003349739100""]","Гипотеза не определена: изолированный клиент, наблюдаемых операций=0"
62,7,0,1765600.0,"[""100000007392365100"", ""100000007865484100"", ""100000008551752100"", ""100000003631015100"", ""100000004976946100""]","Гипотеза: смешанная структура переводов; единое назначение не установлено; distributor=1, peripheral=6; граница глубины=4 у 6; роли описывают наблюдаемые потоки"
63,7,0,1268308.0,"[""100000008011159100"", ""100000006169033100"", ""100000006232642100"", ""100000003664994100"", ""100000005754335100""]","Гипотеза: смешанная структура переводов; единое назначение не установлено; distributor=1, peripheral=3, terminal=3; граница глубины=4 у 2; роли описывают наблюдаемые потоки"
64,1,1,0.0,"[""100000003770083100""]","Гипотеза не определена: изолированный клиент, наблюдаемых операций=0"
65,2,1,81465.0,"[""100000003865939100"", ""100000005392290100""]","Гипотеза: преимущественно получение средств в наблюдаемой выборке; peripheral=1, terminal=1; граница глубины=4 у 0; роли описывают наблюдаемые потоки"
66,1,1,0.0,"[""100000004021459100""]","Гипотеза не определена: изолированный клиент, наблюдаемых операций=0"
67,3,0,1557988.0,"[""100000008258458100"", ""100000004035925100"", ""100000008619159100""]",Гипотеза: смешанная структура переводов; единое назначение не установлено; peripheral=3; граница глубины=4 у 2; роли описывают наблюдаемые потоки
68,6,1,383300.0,"[""100000005547096100"", ""100000004331458100"", ""100000005546031100"", ""100000004094958100"", ""100000005363908100""]","Гипотеза: сбор и распределение средств внутри сообщества; consolidator=1, distributor=1, peripheral=3, terminal=1; граница глубины=4 у 0; роли описывают наблюдаемые потоки"
69,1,1,0.0,"[""100000004174835100""]","Гипотеза не определена: изолированный клиент, наблюдаемых операций=0"
70,4,2,1499679.0,"[""100000008418835100"", ""100000004269433100"", ""100000008730021100"", ""100000008701944100""]","Гипотеза: преимущественно получение средств в наблюдаемой выборке; peripheral=2, terminal=2; граница глубины=4 у 0; роли описывают наблюдаемые потоки"
71,3,1,450816.0,"[""100000005034574100"", ""100000007283257100"", ""100000004388983100""]","Гипотеза: преимущественно получение средств в наблюдаемой выборке; peripheral=1, terminal=2; граница глубины=4 у 0; роли описывают наблюдаемые потоки"
72,3,0,627870.0,"[""100000008628231100"", ""100000005664632100"", ""100000004666651100""]","Гипотеза: преимущественно получение средств в наблюдаемой выборке; peripheral=1, terminal=2; граница глубины=4 у 0; роли описывают наблюдаемые потоки"
73,1,1,0.0,"[""100000005017150100""]","Гипотеза не определена: изолированный клиент, наблюдаемых операций=0"
74,1,1,0.0,"[""100000005087431100""]","Гипотеза не определена: изолированный клиент, наблюдаемых операций=0"
75,1,1,0.0,"[""100000005235389100""]","Гипотеза не определена: изолированный клиент, наблюдаемых операций=0"
76,1,1,0.0,"[""100000005480435100""]","Гипотеза не определена: изолированный клиент, наблюдаемых операций=0"
77,1,1,0.0,"[""100000005495722100""]","Гипотеза не определена: изолированный клиент, наблюдаемых операций=0"
78,1,1,0.0,"[""100000005550592100""]","Гипотеза не определена: изолированный клиент, наблюдаемых операций=0"
79,1,1,0.0,"[""100000005560900100""]","Гипотеза не определена: изолированный клиент, наблюдаемых операций=0"
80,1,1,0.0,"[""100000005568407100""]","Гипотеза не определена: изолированный клиент, наблюдаемых операций=0"
81,5,2,108007.0,"[""100000006562026100"", ""100000006249740100"", ""100000007347733100"", ""100000008129393100"", ""100000006831291100""]","Гипотеза: преимущественно получение средств в наблюдаемой выборке; distributor=1, peripheral=1, terminal=3; граница глубины=4 у 0; роли описывают наблюдаемые потоки"
82,2,0,857500.0,"[""100000008324800100"", ""100000007390016100""]","Гипотеза: сообщество с промежуточными переводами; peripheral=1, transit=1; граница глубины=4 у 0; роли описывают наблюдаемые потоки"
83,1,1,0.0,"[""100000008117324100""]","Гипотеза не определена: изолированный клиент, наблюдаемых операций=0"
84,1,1,0.0,"[""100000008205000100""]","Гипотеза не определена: изолированный клиент, наблюдаемых операций=0"
85,1,1,0.0,"[""100000008513251100""]","Гипотеза не определена: изолированный клиент, наблюдаемых операций=0"
86,1,1,0.0,"[""100000008669037100""]","Гипотеза не определена: изолированный клиент, наблюдаемых операций=0"
87,1,1,0.0,"[""100000008701222100""]","Гипотеза не определена: изолированный клиент, наблюдаемых операций=0"
